{"cameraMode":{"drawMode":0,"name":"Shaded","section":"Shading Mode"},"sceneLighting":true,"audioPlay":false,"sceneViewState":{"showFog":true,"showMaterialUpdate":false,"showSkybox":true,"showFlares":true,"showImageEffects":true,"showParticleSystems":true},"in2DMode":false,"pivot":{"x":5.475871562957764,"y":7.231119155883789,"z":-7.642032146453857},"rotation":{"x":0.1571459174156189,"y":-0.016308993101119996,"z":0.002536704298108816,"w":0.9875119924545288},"size":10.918745040893555,"orthographic":false}